      3,      1,      3,      2,      1,      1,      1,      1,      1,      2,      1,      1,      1,      1,      1,      7,      3,      5,      4,      1,      1,      1,      1,      1,      3,      2,      1,      1,      1,      1
      3,      1,      3,      3,      2,      1,      1,      1,      1,      1,      1,      2,      2,      1,      1,      5,      3,      4,      5,      2,      1,      2,      1,      1,      1,      1,      3,      2,      1,      1
      1,      1,      1,      1,      1,      1,      1,      1,      1,      1,      1,      1,      1,      1,      1,      1,      1,      1,      1,      1,      1,      1,      1,      1,      1,      1,      1,      1,      1,      1
      3,      3,      1,      2,      1,      1,      1,      1,      2,      1,      1,      1,      1,      1,      1,      5,      4,      3,      3,      1,      1,      1,      1,      4,      1,      1,      1,      1,      1,      1
      1,      1,      1,      1,      1,      1,      1,      1,      1,      1,      1,      1,      1,      1,      1,      1,      1,      1,      1,      1,      1,      1,      1,      1,      1,      1,      1,      1,      1,      1
      1,      1,      1,      1,      1,      1,      1,      1,      1,      1,      1,      1,      1,      1,      1,      1,      1,      1,      1,      1,      1,      1,      1,      1,      1,      1,      1,      1,      1,      1
      1,      1,      1,      1,      1,      1,      1,      1,      1,      1,      1,      1,      1,      1,      1,      1,      1,      1,      1,      1,      1,      1,      1,      1,      1,      1,      1,      1,      1,      1
      2,      2,      1,      2,      1,      1,      1,      1,      1,      2,      1,      1,      1,      1,      1,      5,      3,      3,      4,      1,      1,      1,      2,      1,      2,      1,      2,      2,      1,      1
      1,      1,      1,      1,      1,      1,      1,      1,      1,      1,      1,      1,      1,      1,      1,      1,      1,      1,      1,      1,      1,      1,      1,      1,      1,      1,      1,      1,      1,      1
      1,      1,      1,      1,      1,      1,      1,      1,      1,      1,      1,      1,      1,      1,      1,      1,      1,      1,      1,      1,      1,      1,      1,      1,      1,      1,      1,      1,      1,      1
      1,      1,      1,      1,      1,      1,      1,      1,      1,      1,      1,      1,      1,      1,      1,      1,      1,      1,      1,      1,      1,      1,      1,      1,      1,      1,      1,      1,      1,      1
      1,      1,      1,      1,      1,      1,      1,      1,      1,      1,      1,      1,      1,      1,      1,      1,      1,      1,      1,      1,      1,      1,      1,      1,      1,      1,      1,      1,      1,      1
      1,      1,      1,      1,      1,      1,      1,      1,      1,      1,      1,      1,      1,      1,      1,      1,      1,      1,      1,      1,      1,      1,      1,      1,      1,      1,      1,      1,      1,      1
      1,      1,      1,      1,      1,      1,      1,      1,      1,      1,      1,      1,      1,      1,      1,      1,      1,      1,      1,      1,      1,      1,      1,      1,      1,      1,      1,      1,      1,      1
      1,      1,      1,      1,      1,      1,      1,      1,      1,      1,      1,      1,      1,      1,      1,      1,      1,      1,      1,      1,      1,      1,      1,      1,      1,      1,      1,      1,      1,      1
      2,      1,      2,      2,      1,      1,      1,      1,      1,      1,      1,      1,      1,      1,      1,      5,      3,      4,      4,      1,      1,      1,      1,      2,      1,      1,      2,      1,      1,      1
      1,      1,      1,      1,      1,      1,      1,      1,      1,      1,      1,      1,      1,      1,      1,      1,      1,      1,      1,      1,      1,      1,      1,      1,      1,      1,      1,      1,      1,      1
      1,      1,      1,      1,      1,      1,      1,      1,      1,      1,      1,      1,      1,      1,      1,      1,      1,      1,      1,      1,      1,      1,      1,      1,      1,      1,      1,      1,      1,      1
      1,      1,      1,      1,      1,      1,      1,      1,      1,      1,      1,      1,      1,      1,      1,      1,      1,      1,      1,      1,      1,      1,      1,      1,      1,      1,      1,      1,      1,      1
      1,      1,      1,      1,      1,      1,      1,      1,      1,      1,      1,      1,      1,      1,      1,      1,      1,      1,      1,      1,      1,      1,      1,      1,      1,      1,      1,      1,      1,      1
      1,      1,      1,      1,      1,      1,      1,      1,      1,      1,      1,      1,      1,      1,      1,      1,      1,      1,      1,      1,      1,      1,      1,      1,      1,      1,      1,      1,      1,      1
      1,      1,      1,      1,      1,      1,      1,      1,      1,      1,      1,      1,      1,      1,      1,      1,      1,      1,      1,      1,      1,      1,      1,      1,      1,      1,      1,      1,      1,      1
      1,      1,      1,      1,      1,      1,      1,      1,      1,      1,      1,      1,      1,      1,      1,      1,      1,      1,      1,      1,      1,      1,      1,      1,      1,      1,      1,      1,      1,      1
      1,      1,      1,      1,      1,      1,      1,      1,      1,      1,      1,      1,      1,      1,      1,      1,      1,      1,      1,      1,      1,      1,      1,      1,      1,      1,      1,      1,      1,      1
      1,      1,      1,      1,      1,      1,      1,      1,      1,      1,      1,      1,      1,      1,      1,      1,      1,      1,      1,      1,      1,      1,      1,      1,      1,      1,      1,      1,      1,      1
      1,      1,      1,      1,      1,      1,      1,      1,      1,      1,      1,      1,      1,      1,      1,      1,      1,      1,      1,      1,      1,      1,      1,      1,      1,      1,      1,      1,      1,      1
      1,      1,      1,      1,      1,      1,      1,      1,      1,      1,      1,      1,      1,      1,      1,      1,      1,      1,      1,      1,      1,      1,      1,      1,      1,      1,      1,      1,      1,      1
      1,      1,      1,      1,      1,      1,      1,      1,      1,      1,      1,      1,      1,      1,      1,      1,      1,      1,      1,      1,      1,      1,      1,      1,      1,      1,      1,      1,      1,      1
      1,      1,      1,      1,      1,      1,      1,      1,      1,      1,      1,      1,      1,      1,      1,      1,      1,      1,      1,      1,      1,      1,      1,      1,      1,      1,      1,      1,      1,      1
      1,      1,      1,      1,      1,      1,      1,      1,      1,      1,      1,      1,      1,      1,      1,      1,      1,      1,      1,      1,      1,      1,      1,      1,      1,      1,      1,      1,      1,      1
      1,      1,      1,      1,      1,      1,      1,      1,      1,      1,      1,      1,      1,      1,      1,      1,      1,      1,      1,      1,      1,      1,      1,      1,      1,      1,      1,      1,      1,      1
      3,      1,      3,      2,      1,      2,      1,      1,      1,      2,      1,      1,      1,      1,      1,      7,      4,      5,      4,      2,      3,      1,      1,      3,      2,      1,      1,      1,      1,      1
      1,      1,      1,      1,      1,      1,      1,      1,      1,      1,      1,      1,      1,      1,      1,      1,      1,      1,      1,      1,      1,      1,      1,      1,      1,      1,      1,      1,      1,      1
      1,      1,      1,      1,      1,      1,      1,      1,      1,      1,      1,      1,      1,      1,      1,      1,      1,      1,      1,      1,      1,      1,      1,      1,      1,      1,      1,      1,      1,      1
      1,      1,      1,      1,      1,      1,      1,      1,      1,      1,      1,      1,      1,      1,      1,      1,      1,      1,      1,      1,      1,      1,      1,      1,      1,      1,      1,      1,      1,      1
      1,      1,      1,      1,      1,      1,      1,      1,      1,      1,      1,      1,      1,      1,      1,      1,      1,      1,      1,      1,      1,      1,      1,      1,      1,      1,      1,      1,      1,      1
      1,      1,      1,      1,      1,      1,      1,      1,      1,      1,      1,      1,      1,      1,      1,      1,      1,      1,      1,      1,      1,      1,      1,      1,      1,      1,      1,      1,      1,      1
      1,      1,      1,      1,      1,      1,      1,      1,      1,      1,      1,      1,      1,      1,      1,      1,      1,      1,      1,      1,      1,      1,      1,      1,      1,      1,      1,      1,      1,      1
      1,      1,      1,      1,      1,      1,      1,      1,      1,      1,      1,      1,      1,      1,      1,      1,      1,      1,      1,      1,      1,      1,      1,      1,      1,      1,      1,      1,      1,      1
      1,      1,      1,      1,      1,      1,      1,      1,      1,      1,      1,      1,      1,      1,      1,      1,      1,      1,      1,      1,      1,      1,      1,      1,      1,      1,      1,      1,      1,      1
      1,      1,      1,      1,      1,      1,      1,      1,      1,      1,      1,      1,      1,      1,      1,      1,      1,      1,      1,      1,      1,      1,      1,      1,      1,      1,      1,      1,      1,      1
      1,      1,      1,      1,      1,      1,      1,      1,      1,      1,      1,      1,      1,      1,      1,      1,      1,      1,      1,      1,      1,      1,      1,      1,      1,      1,      1,      1,      1,      1
      1,      1,      1,      1,      1,      1,      1,      1,      1,      1,      1,      1,      1,      1,      1,      1,      1,      1,      1,      1,      1,      1,      1,      1,      1,      1,      1,      1,      1,      1
      1,      1,      1,      1,      1,      1,      1,      1,      1,      1,      1,      1,      1,      1,      1,      1,      1,      1,      1,      1,      1,      1,      1,      1,      1,      1,      1,      1,      1,      1
      1,      1,      1,      1,      1,      1,      1,      1,      1,      1,      1,      1,      1,      1,      1,      1,      1,      1,      1,      1,      1,      1,      1,      1,      1,      1,      1,      1,      1,      1
      1,      1,      1,      1,      1,      1,      1,      1,      1,      1,      1,      1,      1,      1,      1,      1,      1,      1,      1,      1,      1,      1,      1,      1,      1,      1,      1,      1,      1,      1
      1,      1,      1,      1,      1,      1,      1,      1,      1,      1,      1,      1,      1,      1,      1,      1,      1,      1,      1,      1,      1,      1,      1,      1,      1,      1,      1,      1,      1,      1
      1,      1,      1,      1,      1,      1,      1,      1,      1,      1,      1,      1,      1,      1,      1,      1,      1,      1,      1,      1,      1,      1,      1,      1,      1,      1,      1,      1,      1,      1
      1,      1,      1,      1,      1,      1,      1,      1,      1,      1,      1,      1,      1,      1,      1,      1,      1,      1,      1,      1,      1,      1,      1,      1,      1,      1,      1,      1,      1,      1
      1,      1,      1,      1,      1,      1,      1,      1,      1,      1,      1,      1,      1,      1,      1,      1,      1,      1,      1,      1,      1,      1,      1,      1,      1,      1,      1,      1,      1,      1
      1,      1,      1,      1,      1,      1,      1,      1,      1,      1,      1,      1,      1,      1,      1,      1,      1,      1,      1,      1,      1,      1,      1,      1,      1,      1,      1,      1,      1,      1
      1,      1,      1,      1,      1,      1,      1,      1,      1,      1,      1,      1,      1,      1,      1,      1,      1,      1,      1,      1,      1,      1,      1,      1,      1,      1,      1,      1,      1,      1
      1,      1,      1,      1,      1,      1,      1,      1,      1,      1,      1,      1,      1,      1,      1,      1,      1,      1,      1,      1,      1,      1,      1,      1,      1,      1,      1,      1,      1,      1
      1,      1,      1,      1,      1,      1,      1,      1,      1,      1,      1,      1,      1,      1,      1,      1,      1,      1,      1,      1,      1,      1,      1,      1,      1,      1,      1,      1,      1,      1
      1,      1,      1,      1,      1,      1,      1,      1,      1,      1,      1,      1,      1,      1,      1,      1,      1,      1,      1,      1,      1,      1,      1,      1,      1,      1,      1,      1,      1,      1
      1,      1,      1,      1,      1,      1,      1,      1,      1,      1,      1,      1,      1,      1,      1,      1,      1,      1,      1,      1,      1,      1,      1,      1,      1,      1,      1,      1,      1,      1
      1,      1,      1,      1,      1,      1,      1,      1,      1,      1,      1,      1,      1,      1,      1,      1,      1,      1,      1,      1,      1,      1,      1,      1,      1,      1,      1,      1,      1,      1
      1,      1,      1,      1,      1,      1,      1,      1,      1,      1,      1,      1,      1,      1,      1,      1,      1,      1,      1,      1,      1,      1,      1,      1,      1,      1,      1,      1,      1,      1
      1,      1,      1,      1,      1,      1,      1,      1,      1,      1,      1,      1,      1,      1,      1,      1,      1,      1,      1,      1,      1,      1,      1,      1,      1,      1,      1,      1,      1,      1
      1,      1,      1,      1,      1,      1,      1,      1,      1,      1,      1,      1,      1,      1,      1,      1,      1,      1,      1,      1,      1,      1,      1,      1,      1,      1,      1,      1,      1,      1
      1,      1,      1,      1,      1,      1,      1,      1,      1,      1,      1,      1,      1,      1,      1,      1,      1,      1,      1,      1,      1,      1,      1,      1,      1,      1,      1,      1,      1,      1
      1,      1,      1,      1,      1,      1,      1,      1,      1,      1,      1,      1,      1,      1,      1,      1,      1,      1,      1,      1,      1,      1,      1,      1,      1,      1,      1,      1,      1,      1
      1,      1,      1,      1,      1,      1,      1,      1,      1,      1,      1,      1,      1,      1,      1,      1,      1,      1,      1,      1,      1,      1,      1,      1,      1,      1,      1,      1,      1,      1
      3,      3,      2,      3,      1,      1,      1,      1,      2,      1,      2,      2,      2,      1,      1,      6,      6,      4,      6,      2,      1,      2,      2,      2,      1,      3,      3,      3,      1,      1
      1,      1,      1,      1,      1,      1,      1,      1,      1,      1,      1,      1,      1,      1,      1,      1,      1,      1,      1,      1,      1,      1,      1,      1,      1,      1,      1,      1,      1,      1
      1,      1,      1,      1,      1,      1,      1,      1,      1,      1,      1,      1,      1,      1,      1,      1,      1,      1,      1,      1,      1,      1,      1,      1,      1,      1,      1,      1,      1,      1
      1,      1,      1,      1,      1,      1,      1,      1,      1,      1,      1,      1,      1,      1,      1,      1,      1,      1,      1,      1,      1,      1,      1,      1,      1,      1,      1,      1,      1,      1
      1,      1,      1,      1,      1,      1,      1,      1,      1,      1,      1,      1,      1,      1,      1,      1,      1,      1,      1,      1,      1,      1,      1,      1,      1,      1,      1,      1,      1,      1
      1,      1,      1,      1,      1,      1,      1,      1,      1,      1,      1,      1,      1,      1,      1,      1,      1,      1,      1,      1,      1,      1,      1,      1,      1,      1,      1,      1,      1,      1
      1,      1,      1,      1,      1,      1,      1,      1,      1,      1,      1,      1,      1,      1,      1,      1,      1,      1,      1,      1,      1,      1,      1,      1,      1,      1,      1,      1,      1,      1
      1,      1,      1,      1,      1,      1,      1,      1,      1,      1,      1,      1,      1,      1,      1,      1,      1,      1,      1,      1,      1,      1,      1,      1,      1,      1,      1,      1,      1,      1
      1,      1,      1,      1,      1,      1,      1,      1,      1,      1,      1,      1,      1,      1,      1,      1,      1,      1,      1,      1,      1,      1,      1,      1,      1,      1,      1,      1,      1,      1
      1,      1,      1,      1,      1,      1,      1,      1,      1,      1,      1,      1,      1,      1,      1,      1,      1,      1,      1,      1,      1,      1,      1,      1,      1,      1,      1,      1,      1,      1
      1,      1,      1,      1,      1,      1,      1,      1,      1,      1,      1,      1,      1,      1,      1,      1,      1,      1,      1,      1,      1,      1,      1,      1,      1,      1,      1,      1,      1,      1
      1,      1,      1,      1,      1,      1,      1,      1,      1,      1,      1,      1,      1,      1,      1,      1,      1,      1,      1,      1,      1,      1,      1,      1,      1,      1,      1,      1,      1,      1
      1,      1,      1,      1,      1,      1,      1,      1,      1,      1,      1,      1,      1,      1,      1,      1,      1,      1,      1,      1,      1,      1,      1,      1,      1,      1,      1,      1,      1,      1
      1,      1,      1,      1,      1,      1,      1,      1,      1,      1,      1,      1,      1,      1,      1,      1,      1,      1,      1,      1,      1,      1,      1,      1,      1,      1,      1,      1,      1,      1
      1,      1,      1,      1,      1,      1,      1,      1,      1,      1,      1,      1,      1,      1,      1,      1,      1,      1,      1,      1,      1,      1,      1,      1,      1,      1,      1,      1,      1,      1
      1,      1,      1,      1,      1,      1,      1,      1,      1,      1,      1,      1,      1,      1,      1,      1,      1,      1,      1,      1,      1,      1,      1,      1,      1,      1,      1,      1,      1,      1
      1,      1,      1,      1,      1,      1,      1,      1,      1,      1,      1,      1,      1,      1,      1,      1,      1,      1,      1,      1,      1,      1,      1,      1,      1,      1,      1,      1,      1,      1
      1,      1,      1,      1,      1,      1,      1,      1,      1,      1,      1,      1,      1,      1,      1,      1,      1,      1,      1,      1,      1,      1,      1,      1,      1,      1,      1,      1,      1,      1
      1,      1,      1,      1,      1,      1,      1,      1,      1,      1,      1,      1,      1,      1,      1,      1,      1,      1,      1,      1,      1,      1,      1,      1,      1,      1,      1,      1,      1,      1
      1,      1,      1,      1,      1,      1,      1,      1,      1,      1,      1,      1,      1,      1,      1,      1,      1,      1,      1,      1,      1,      1,      1,      1,      1,      1,      1,      1,      1,      1
      1,      1,      1,      1,      1,      1,      1,      1,      1,      1,      1,      1,      1,      1,      1,      1,      1,      1,      1,      1,      1,      1,      1,      1,      1,      1,      1,      1,      1,      1
      1,      1,      1,      1,      1,      1,      1,      1,      1,      1,      1,      1,      1,      1,      1,      1,      1,      1,      1,      1,      1,      1,      1,      1,      1,      1,      1,      1,      1,      1
      1,      1,      1,      1,      1,      1,      1,      1,      1,      1,      1,      1,      1,      1,      1,      1,      1,      1,      1,      1,      1,      1,      1,      1,      1,      1,      1,      1,      1,      1
      1,      1,      1,      1,      1,      1,      1,      1,      1,      1,      1,      1,      1,      1,      1,      1,      1,      1,      1,      1,      1,      1,      1,      1,      1,      1,      1,      1,      1,      1
      1,      1,      1,      1,      1,      1,      1,      1,      1,      1,      1,      1,      1,      1,      1,      1,      1,      1,      1,      1,      1,      1,      1,      1,      1,      1,      1,      1,      1,      1
      1,      1,      1,      1,      1,      1,      1,      1,      1,      1,      1,      1,      1,      1,      1,      1,      1,      1,      1,      1,      1,      1,      1,      1,      1,      1,      1,      1,      1,      1
      1,      1,      1,      1,      1,      1,      1,      1,      1,      1,      1,      1,      1,      1,      1,      1,      1,      1,      1,      1,      1,      1,      1,      1,      1,      1,      1,      1,      1,      1
      1,      1,      1,      1,      1,      1,      1,      1,      1,      1,      1,      1,      1,      1,      1,      1,      1,      1,      1,      1,      1,      1,      1,      1,      1,      1,      1,      1,      1,      1
      1,      1,      1,      1,      1,      1,      1,      1,      1,      1,      1,      1,      1,      1,      1,      1,      1,      1,      1,      1,      1,      1,      1,      1,      1,      1,      1,      1,      1,      1
      1,      1,      1,      1,      1,      1,      1,      1,      1,      1,      1,      1,      1,      1,      1,      1,      1,      1,      1,      1,      1,      1,      1,      1,      1,      1,      1,      1,      1,      1
      1,      1,      1,      1,      1,      1,      1,      1,      1,      1,      1,      1,      1,      1,      1,      1,      1,      1,      1,      1,      1,      1,      1,      1,      1,      1,      1,      1,      1,      1
      1,      1,      1,      1,      1,      1,      1,      1,      1,      1,      1,      1,      1,      1,      1,      1,      1,      1,      1,      1,      1,      1,      1,      1,      1,      1,      1,      1,      1,      1
      1,      1,      1,      1,      1,      1,      1,      1,      1,      1,      1,      1,      1,      1,      1,      1,      1,      1,      1,      1,      1,      1,      1,      1,      1,      1,      1,      1,      1,      1
      1,      1,      1,      1,      1,      1,      1,      1,      1,      1,      1,      1,      1,      1,      1,      1,      1,      1,      1,      1,      1,      1,      1,      1,      1,      1,      1,      1,      1,      1
      1,      1,      1,      1,      1,      1,      1,      1,      1,      1,      1,      1,      1,      1,      1,      1,      1,      1,      1,      1,      1,      1,      1,      1,      1,      1,      1,      1,      1,      1
      1,      1,      1,      1,      1,      1,      1,      1,      1,      1,      1,      1,      1,      1,      1,      1,      1,      1,      1,      1,      1,      1,      1,      1,      1,      1,      1,      1,      1,      1
      1,      1,      1,      1,      1,      1,      1,      1,      1,      1,      1,      1,      1,      1,      1,      1,      1,      1,      1,      1,      1,      1,      1,      1,      1,      1,      1,      1,      1,      1
      1,      1,      1,      1,      1,      1,      1,      1,      1,      1,      1,      1,      1,      1,      1,      1,      1,      1,      1,      1,      1,      1,      1,      1,      1,      1,      1,      1,      1,      1
      1,      1,      1,      1,      1,      1,      1,      1,      1,      1,      1,      1,      1,      1,      1,      1,      1,      1,      1,      1,      1,      1,      1,      1,      1,      1,      1,      1,      1,      1
      1,      1,      1,      1,      1,      1,      1,      1,      1,      1,      1,      1,      1,      1,      1,      1,      1,      1,      1,      1,      1,      1,      1,      1,      1,      1,      1,      1,      1,      1
      1,      1,      1,      1,      1,      1,      1,      1,      1,      1,      1,      1,      1,      1,      1,      1,      1,      1,      1,      1,      1,      1,      1,      1,      1,      1,      1,      1,      1,      1
      1,      1,      1,      1,      1,      1,      1,      1,      1,      1,      1,      1,      1,      1,      1,      1,      1,      1,      1,      1,      1,      1,      1,      1,      1,      1,      1,      1,      1,      1
      1,      1,      1,      1,      1,      1,      1,      1,      1,      1,      1,      1,      1,      1,      1,      1,      1,      1,      1,      1,      1,      1,      1,      1,      1,      1,      1,      1,      1,      1
      1,      1,      1,      1,      1,      1,      1,      1,      1,      1,      1,      1,      1,      1,      1,      1,      1,      1,      1,      1,      1,      1,      1,      1,      1,      1,      1,      1,      1,      1
      1,      1,      1,      1,      1,      1,      1,      1,      1,      1,      1,      1,      1,      1,      1,      1,      1,      1,      1,      1,      1,      1,      1,      1,      1,      1,      1,      1,      1,      1
      1,      1,      1,      1,      1,      1,      1,      1,      1,      1,      1,      1,      1,      1,      1,      1,      1,      1,      1,      1,      1,      1,      1,      1,      1,      1,      1,      1,      1,      1
      1,      1,      1,      1,      1,      1,      1,      1,      1,      1,      1,      1,      1,      1,      1,      1,      1,      1,      1,      1,      1,      1,      1,      1,      1,      1,      1,      1,      1,      1
      1,      1,      1,      1,      1,      1,      1,      1,      1,      1,      1,      1,      1,      1,      1,      1,      1,      1,      1,      1,      1,      1,      1,      1,      1,      1,      1,      1,      1,      1
      1,      1,      1,      1,      1,      1,      1,      1,      1,      1,      1,      1,      1,      1,      1,      1,      1,      1,      1,      1,      1,      1,      1,      1,      1,      1,      1,      1,      1,      1
      1,      1,      1,      1,      1,      1,      1,      1,      1,      1,      1,      1,      1,      1,      1,      1,      1,      1,      1,      1,      1,      1,      1,      1,      1,      1,      1,      1,      1,      1
      1,      1,      1,      1,      1,      1,      1,      1,      1,      1,      1,      1,      1,      1,      1,      1,      1,      1,      1,      1,      1,      1,      1,      1,      1,      1,      1,      1,      1,      1
      1,      1,      1,      1,      1,      1,      1,      1,      1,      1,      1,      1,      1,      1,      1,      1,      1,      1,      1,      1,      1,      1,      1,      1,      1,      1,      1,      1,      1,      1
      1,      1,      1,      1,      1,      1,      1,      1,      1,      1,      1,      1,      1,      1,      1,      1,      1,      1,      1,      1,      1,      1,      1,      1,      1,      1,      1,      1,      1,      1
      1,      1,      1,      1,      1,      1,      1,      1,      1,      1,      1,      1,      1,      1,      1,      1,      1,      1,      1,      1,      1,      1,      1,      1,      1,      1,      1,      1,      1,      1
      1,      1,      1,      1,      1,      1,      1,      1,      1,      1,      1,      1,      1,      1,      1,      1,      1,      1,      1,      1,      1,      1,      1,      1,      1,      1,      1,      1,      1,      1
      1,      1,      1,      1,      1,      1,      1,      1,      1,      1,      1,      1,      1,      1,      1,      1,      1,      1,      1,      1,      1,      1,      1,      1,      1,      1,      1,      1,      1,      1
      1,      1,      1,      1,      1,      1,      1,      1,      1,      1,      1,      1,      1,      1,      1,      1,      1,      1,      1,      1,      1,      1,      1,      1,      1,      1,      1,      1,      1,      1
      1,      1,      1,      1,      1,      1,      1,      1,      1,      1,      1,      1,      1,      1,      1,      1,      1,      1,      1,      1,      1,      1,      1,      1,      1,      1,      1,      1,      1,      1
      1,      1,      1,      1,      1,      1,      1,      1,      1,      1,      1,      1,      1,      1,      1,      1,      1,      1,      1,      1,      1,      1,      1,      1,      1,      1,      1,      1,      1,      1
      1,      1,      1,      1,      1,      1,      1,      1,      1,      1,      1,      1,      1,      1,      1,      1,      1,      1,      1,      1,      1,      1,      1,      1,      1,      1,      1,      1,      1,      1
      1,      1,      1,      1,      1,      1,      1,      1,      1,      1,      1,      1,      1,      1,      1,      1,      1,      1,      1,      1,      1,      1,      1,      1,      1,      1,      1,      1,      1,      1
      1,      1,      1,      1,      1,      1,      1,      1,      1,      1,      1,      1,      1,      1,      1,      1,      1,      1,      1,      1,      1,      1,      1,      1,      1,      1,      1,      1,      1,      1
      1,      1,      1,      1,      1,      1,      1,      1,      1,      1,      1,      1,      1,      1,      1,      1,      1,      1,      1,      1,      1,      1,      1,      1,      1,      1,      1,      1,      1,      1
      1,      1,      1,      1,      1,      1,      1,      1,      1,      1,      1,      1,      1,      1,      1,      1,      1,      1,      1,      1,      1,      1,      1,      1,      1,      1,      1,      1,      1,      1
      3,      3,      1,      3,      1,      1,      1,      2,      2,      1,      1,      1,      1,      1,      1,      6,      6,      3,      4,      1,      1,      2,      2,      2,      2,      1,      1,      1,      1,      1
      1,      1,      1,      1,      1,      1,      1,      1,      1,      1,      1,      1,      1,      1,      1,      1,      1,      1,      1,      1,      1,      1,      1,      1,      1,      1,      1,      1,      1,      1
      1,      1,      1,      1,      1,      1,      1,      1,      1,      1,      1,      1,      1,      1,      1,      1,      1,      1,      1,      1,      1,      1,      1,      1,      1,      1,      1,      1,      1,      1
      1,      1,      1,      1,      1,      1,      1,      1,      1,      1,      1,      1,      1,      1,      1,      1,      1,      1,      1,      1,      1,      1,      1,      1,      1,      1,      1,      1,      1,      1
      1,      1,      1,      1,      1,      1,      1,      1,      1,      1,      1,      1,      1,      1,      1,      1,      1,      1,      1,      1,      1,      1,      1,      1,      1,      1,      1,      1,      1,      1
      1,      1,      1,      1,      1,      1,      1,      1,      1,      1,      1,      1,      1,      1,      1,      1,      1,      1,      1,      1,      1,      1,      1,      1,      1,      1,      1,      1,      1,      1
      1,      1,      1,      1,      1,      1,      1,      1,      1,      1,      1,      1,      1,      1,      1,      1,      1,      1,      1,      1,      1,      1,      1,      1,      1,      1,      1,      1,      1,      1
      1,      1,      1,      1,      1,      1,      1,      1,      1,      1,      1,      1,      1,      1,      1,      1,      1,      1,      1,      1,      1,      1,      1,      1,      1,      1,      1,      1,      1,      1
      1,      1,      1,      1,      1,      1,      1,      1,      1,      1,      1,      1,      1,      1,      1,      1,      1,      1,      1,      1,      1,      1,      1,      1,      1,      1,      1,      1,      1,      1
      1,      1,      1,      1,      1,      1,      1,      1,      1,      1,      1,      1,      1,      1,      1,      1,      1,      1,      1,      1,      1,      1,      1,      1,      1,      1,      1,      1,      1,      1
      1,      1,      1,      1,      1,      1,      1,      1,      1,      1,      1,      1,      1,      1,      1,      1,      1,      1,      1,      1,      1,      1,      1,      1,      1,      1,      1,      1,      1,      1
      1,      1,      1,      1,      1,      1,      1,      1,      1,      1,      1,      1,      1,      1,      1,      1,      1,      1,      1,      1,      1,      1,      1,      1,      1,      1,      1,      1,      1,      1
      1,      1,      1,      1,      1,      1,      1,      1,      1,      1,      1,      1,      1,      1,      1,      1,      1,      1,      1,      1,      1,      1,      1,      1,      1,      1,      1,      1,      1,      1
      1,      1,      1,      1,      1,      1,      1,      1,      1,      1,      1,      1,      1,      1,      1,      1,      1,      1,      1,      1,      1,      1,      1,      1,      1,      1,      1,      1,      1,      1
      1,      1,      1,      1,      1,      1,      1,      1,      1,      1,      1,      1,      1,      1,      1,      1,      1,      1,      1,      1,      1,      1,      1,      1,      1,      1,      1,      1,      1,      1
      1,      1,      1,      1,      1,      1,      1,      1,      1,      1,      1,      1,      1,      1,      1,      1,      1,      1,      1,      1,      1,      1,      1,      1,      1,      1,      1,      1,      1,      1
      1,      1,      1,      1,      1,      1,      1,      1,      1,      1,      1,      1,      1,      1,      1,      1,      1,      1,      1,      1,      1,      1,      1,      1,      1,      1,      1,      1,      1,      1
      1,      1,      1,      1,      1,      1,      1,      1,      1,      1,      1,      1,      1,      1,      1,      1,      1,      1,      1,      1,      1,      1,      1,      1,      1,      1,      1,      1,      1,      1
      1,      1,      1,      1,      1,      1,      1,      1,      1,      1,      1,      1,      1,      1,      1,      1,      1,      1,      1,      1,      1,      1,      1,      1,      1,      1,      1,      1,      1,      1
      1,      1,      1,      1,      1,      1,      1,      1,      1,      1,      1,      1,      1,      1,      1,      1,      1,      1,      1,      1,      1,      1,      1,      1,      1,      1,      1,      1,      1,      1
      1,      1,      1,      1,      1,      1,      1,      1,      1,      1,      1,      1,      1,      1,      1,      1,      1,      1,      1,      1,      1,      1,      1,      1,      1,      1,      1,      1,      1,      1
      1,      1,      1,      1,      1,      1,      1,      1,      1,      1,      1,      1,      1,      1,      1,      1,      1,      1,      1,      1,      1,      1,      1,      1,      1,      1,      1,      1,      1,      1
      1,      1,      1,      1,      1,      1,      1,      1,      1,      1,      1,      1,      1,      1,      1,      1,      1,      1,      1,      1,      1,      1,      1,      1,      1,      1,      1,      1,      1,      1
      1,      1,      1,      1,      1,      1,      1,      1,      1,      1,      1,      1,      1,      1,      1,      1,      1,      1,      1,      1,      1,      1,      1,      1,      1,      1,      1,      1,      1,      1
      1,      1,      1,      1,      1,      1,      1,      1,      1,      1,      1,      1,      1,      1,      1,      1,      1,      1,      1,      1,      1,      1,      1,      1,      1,      1,      1,      1,      1,      1
      1,      1,      1,      1,      1,      1,      1,      1,      1,      1,      1,      1,      1,      1,      1,      1,      1,      1,      1,      1,      1,      1,      1,      1,      1,      1,      1,      1,      1,      1
      1,      1,      1,      1,      1,      1,      1,      1,      1,      1,      1,      1,      1,      1,      1,      1,      1,      1,      1,      1,      1,      1,      1,      1,      1,      1,      1,      1,      1,      1
      1,      1,      1,      1,      1,      1,      1,      1,      1,      1,      1,      1,      1,      1,      1,      1,      1,      1,      1,      1,      1,      1,      1,      1,      1,      1,      1,      1,      1,      1
      1,      1,      1,      1,      1,      1,      1,      1,      1,      1,      1,      1,      1,      1,      1,      1,      1,      1,      1,      1,      1,      1,      1,      1,      1,      1,      1,      1,      1,      1
      1,      1,      1,      1,      1,      1,      1,      1,      1,      1,      1,      1,      1,      1,      1,      1,      1,      1,      1,      1,      1,      1,      1,      1,      1,      1,      1,      1,      1,      1
      1,      1,      1,      1,      1,      1,      1,      1,      1,      1,      1,      1,      1,      1,      1,      1,      1,      1,      1,      1,      1,      1,      1,      1,      1,      1,      1,      1,      1,      1
      1,      1,      1,      1,      1,      1,      1,      1,      1,      1,      1,      1,      1,      1,      1,      1,      1,      1,      1,      1,      1,      1,      1,      1,      1,      1,      1,      1,      1,      1
      1,      1,      1,      1,      1,      1,      1,      1,      1,      1,      1,      1,      1,      1,      1,      1,      1,      1,      1,      1,      1,      1,      1,      1,      1,      1,      1,      1,      1,      1
      1,      1,      1,      1,      1,      1,      1,      1,      1,      1,      1,      1,      1,      1,      1,      1,      1,      1,      1,      1,      1,      1,      1,      1,      1,      1,      1,      1,      1,      1
      1,      1,      1,      1,      1,      1,      1,      1,      1,      1,      1,      1,      1,      1,      1,      1,      1,      1,      1,      1,      1,      1,      1,      1,      1,      1,      1,      1,      1,      1
      1,      1,      1,      1,      1,      1,      1,      1,      1,      1,      1,      1,      1,      1,      1,      1,      1,      1,      1,      1,      1,      1,      1,      1,      1,      1,      1,      1,      1,      1
      1,      1,      1,      1,      1,      1,      1,      1,      1,      1,      1,      1,      1,      1,      1,      1,      1,      1,      1,      1,      1,      1,      1,      1,      1,      1,      1,      1,      1,      1
      1,      1,      1,      1,      1,      1,      1,      1,      1,      1,      1,      1,      1,      1,      1,      1,      1,      1,      1,      1,      1,      1,      1,      1,      1,      1,      1,      1,      1,      1
      1,      1,      1,      1,      1,      1,      1,      1,      1,      1,      1,      1,      1,      1,      1,      1,      1,      1,      1,      1,      1,      1,      1,      1,      1,      1,      1,      1,      1,      1
      1,      1,      1,      1,      1,      1,      1,      1,      1,      1,      1,      1,      1,      1,      1,      1,      1,      1,      1,      1,      1,      1,      1,      1,      1,      1,      1,      1,      1,      1
      1,      1,      1,      1,      1,      1,      1,      1,      1,      1,      1,      1,      1,      1,      1,      1,      1,      1,      1,      1,      1,      1,      1,      1,      1,      1,      1,      1,      1,      1
      1,      1,      1,      1,      1,      1,      1,      1,      1,      1,      1,      1,      1,      1,      1,      1,      1,      1,      1,      1,      1,      1,      1,      1,      1,      1,      1,      1,      1,      1
      1,      1,      1,      1,      1,      1,      1,      1,      1,      1,      1,      1,      1,      1,      1,      1,      1,      1,      1,      1,      1,      1,      1,      1,      1,      1,      1,      1,      1,      1
      1,      1,      1,      1,      1,      1,      1,      1,      1,      1,      1,      1,      1,      1,      1,      1,      1,      1,      1,      1,      1,      1,      1,      1,      1,      1,      1,      1,      1,      1
      1,      1,      1,      1,      1,      1,      1,      1,      1,      1,      1,      1,      1,      1,      1,      1,      1,      1,      1,      1,      1,      1,      1,      1,      1,      1,      1,      1,      1,      1
      1,      1,      1,      1,      1,      1,      1,      1,      1,      1,      1,      1,      1,      1,      1,      1,      1,      1,      1,      1,      1,      1,      1,      1,      1,      1,      1,      1,      1,      1
      1,      1,      1,      1,      1,      1,      1,      1,      1,      1,      1,      1,      1,      1,      1,      1,      1,      1,      1,      1,      1,      1,      1,      1,      1,      1,      1,      1,      1,      1
      1,      1,      1,      1,      1,      1,      1,      1,      1,      1,      1,      1,      1,      1,      1,      1,      1,      1,      1,      1,      1,      1,      1,      1,      1,      1,      1,      1,      1,      1
      1,      1,      1,      1,      1,      1,      1,      1,      1,      1,      1,      1,      1,      1,      1,      1,      1,      1,      1,      1,      1,      1,      1,      1,      1,      1,      1,      1,      1,      1
      1,      1,      1,      1,      1,      1,      1,      1,      1,      1,      1,      1,      1,      1,      1,      1,      1,      1,      1,      1,      1,      1,      1,      1,      1,      1,      1,      1,      1,      1
      1,      1,      1,      1,      1,      1,      1,      1,      1,      1,      1,      1,      1,      1,      1,      1,      1,      1,      1,      1,      1,      1,      1,      1,      1,      1,      1,      1,      1,      1
      1,      1,      1,      1,      1,      1,      1,      1,      1,      1,      1,      1,      1,      1,      1,      1,      1,      1,      1,      1,      1,      1,      1,      1,      1,      1,      1,      1,      1,      1
      1,      1,      1,      1,      1,      1,      1,      1,      1,      1,      1,      1,      1,      1,      1,      1,      1,      1,      1,      1,      1,      1,      1,      1,      1,      1,      1,      1,      1,      1
      1,      1,      1,      1,      1,      1,      1,      1,      1,      1,      1,      1,      1,      1,      1,      1,      1,      1,      1,      1,      1,      1,      1,      1,      1,      1,      1,      1,      1,      1
      1,      1,      1,      1,      1,      1,      1,      1,      1,      1,      1,      1,      1,      1,      1,      1,      1,      1,      1,      1,      1,      1,      1,      1,      1,      1,      1,      1,      1,      1
      1,      1,      1,      1,      1,      1,      1,      1,      1,      1,      1,      1,      1,      1,      1,      1,      1,      1,      1,      1,      1,      1,      1,      1,      1,      1,      1,      1,      1,      1
      1,      1,      1,      1,      1,      1,      1,      1,      1,      1,      1,      1,      1,      1,      1,      1,      1,      1,      1,      1,      1,      1,      1,      1,      1,      1,      1,      1,      1,      1
      1,      1,      1,      1,      1,      1,      1,      1,      1,      1,      1,      1,      1,      1,      1,      1,      1,      1,      1,      1,      1,      1,      1,      1,      1,      1,      1,      1,      1,      1
      1,      1,      1,      1,      1,      1,      1,      1,      1,      1,      1,      1,      1,      1,      1,      1,      1,      1,      1,      1,      1,      1,      1,      1,      1,      1,      1,      1,      1,      1
      1,      1,      1,      1,      1,      1,      1,      1,      1,      1,      1,      1,      1,      1,      1,      1,      1,      1,      1,      1,      1,      1,      1,      1,      1,      1,      1,      1,      1,      1
      1,      1,      1,      1,      1,      1,      1,      1,      1,      1,      1,      1,      1,      1,      1,      1,      1,      1,      1,      1,      1,      1,      1,      1,      1,      1,      1,      1,      1,      1
      1,      1,      1,      1,      1,      1,      1,      1,      1,      1,      1,      1,      1,      1,      1,      1,      1,      1,      1,      1,      1,      1,      1,      1,      1,      1,      1,      1,      1,      1
      1,      1,      1,      1,      1,      1,      1,      1,      1,      1,      1,      1,      1,      1,      1,      1,      1,      1,      1,      1,      1,      1,      1,      1,      1,      1,      1,      1,      1,      1
      1,      1,      1,      1,      1,      1,      1,      1,      1,      1,      1,      1,      1,      1,      1,      1,      1,      1,      1,      1,      1,      1,      1,      1,      1,      1,      1,      1,      1,      1
      1,      1,      1,      1,      1,      1,      1,      1,      1,      1,      1,      1,      1,      1,      1,      1,      1,      1,      1,      1,      1,      1,      1,      1,      1,      1,      1,      1,      1,      1
      1,      1,      1,      1,      1,      1,      1,      1,      1,      1,      1,      1,      1,      1,      1,      1,      1,      1,      1,      1,      1,      1,      1,      1,      1,      1,      1,      1,      1,      1
      1,      1,      1,      1,      1,      1,      1,      1,      1,      1,      1,      1,      1,      1,      1,      1,      1,      1,      1,      1,      1,      1,      1,      1,      1,      1,      1,      1,      1,      1
      1,      1,      1,      1,      1,      1,      1,      1,      1,      1,      1,      1,      1,      1,      1,      1,      1,      1,      1,      1,      1,      1,      1,      1,      1,      1,      1,      1,      1,      1
      1,      1,      1,      1,      1,      1,      1,      1,      1,      1,      1,      1,      1,      1,      1,      1,      1,      1,      1,      1,      1,      1,      1,      1,      1,      1,      1,      1,      1,      1
      1,      1,      1,      1,      1,      1,      1,      1,      1,      1,      1,      1,      1,      1,      1,      1,      1,      1,      1,      1,      1,      1,      1,      1,      1,      1,      1,      1,      1,      1
      1,      1,      1,      1,      1,      1,      1,      1,      1,      1,      1,      1,      1,      1,      1,      1,      1,      1,      1,      1,      1,      1,      1,      1,      1,      1,      1,      1,      1,      1
      1,      1,      1,      1,      1,      1,      1,      1,      1,      1,      1,      1,      1,      1,      1,      1,      1,      1,      1,      1,      1,      1,      1,      1,      1,      1,      1,      1,      1,      1
      1,      1,      1,      1,      1,      1,      1,      1,      1,      1,      1,      1,      1,      1,      1,      1,      1,      1,      1,      1,      1,      1,      1,      1,      1,      1,      1,      1,      1,      1
      1,      1,      1,      1,      1,      1,      1,      1,      1,      1,      1,      1,      1,      1,      1,      1,      1,      1,      1,      1,      1,      1,      1,      1,      1,      1,      1,      1,      1,      1
      1,      1,      1,      1,      1,      1,      1,      1,      1,      1,      1,      1,      1,      1,      1,      1,      1,      1,      1,      1,      1,      1,      1,      1,      1,      1,      1,      1,      1,      1
      1,      1,      1,      1,      1,      1,      1,      1,      1,      1,      1,      1,      1,      1,      1,      1,      1,      1,      1,      1,      1,      1,      1,      1,      1,      1,      1,      1,      1,      1
      1,      1,      1,      1,      1,      1,      1,      1,      1,      1,      1,      1,      1,      1,      1,      1,      1,      1,      1,      1,      1,      1,      1,      1,      1,      1,      1,      1,      1,      1
      1,      1,      1,      1,      1,      1,      1,      1,      1,      1,      1,      1,      1,      1,      1,      1,      1,      1,      1,      1,      1,      1,      1,      1,      1,      1,      1,      1,      1,      1
      1,      1,      1,      1,      1,      1,      1,      1,      1,      1,      1,      1,      1,      1,      1,      1,      1,      1,      1,      1,      1,      1,      1,      1,      1,      1,      1,      1,      1,      1
      1,      1,      1,      1,      1,      1,      1,      1,      1,      1,      1,      1,      1,      1,      1,      1,      1,      1,      1,      1,      1,      1,      1,      1,      1,      1,      1,      1,      1,      1
      1,      1,      1,      1,      1,      1,      1,      1,      1,      1,      1,      1,      1,      1,      1,      1,      1,      1,      1,      1,      1,      1,      1,      1,      1,      1,      1,      1,      1,      1
      1,      1,      1,      1,      1,      1,      1,      1,      1,      1,      1,      1,      1,      1,      1,      1,      1,      1,      1,      1,      1,      1,      1,      1,      1,      1,      1,      1,      1,      1
      1,      1,      1,      1,      1,      1,      1,      1,      1,      1,      1,      1,      1,      1,      1,      1,      1,      1,      1,      1,      1,      1,      1,      1,      1,      1,      1,      1,      1,      1
      1,      1,      1,      1,      1,      1,      1,      1,      1,      1,      1,      1,      1,      1,      1,      1,      1,      1,      1,      1,      1,      1,      1,      1,      1,      1,      1,      1,      1,      1
      1,      1,      1,      1,      1,      1,      1,      1,      1,      1,      1,      1,      1,      1,      1,      1,      1,      1,      1,      1,      1,      1,      1,      1,      1,      1,      1,      1,      1,      1
      1,      1,      1,      1,      1,      1,      1,      1,      1,      1,      1,      1,      1,      1,      1,      1,      1,      1,      1,      1,      1,      1,      1,      1,      1,      1,      1,      1,      1,      1
      1,      1,      1,      1,      1,      1,      1,      1,      1,      1,      1,      1,      1,      1,      1,      1,      1,      1,      1,      1,      1,      1,      1,      1,      1,      1,      1,      1,      1,      1
      1,      1,      1,      1,      1,      1,      1,      1,      1,      1,      1,      1,      1,      1,      1,      1,      1,      1,      1,      1,      1,      1,      1,      1,      1,      1,      1,      1,      1,      1
      1,      1,      1,      1,      1,      1,      1,      1,      1,      1,      1,      1,      1,      1,      1,      1,      1,      1,      1,      1,      1,      1,      1,      1,      1,      1,      1,      1,      1,      1
      1,      1,      1,      1,      1,      1,      1,      1,      1,      1,      1,      1,      1,      1,      1,      1,      1,      1,      1,      1,      1,      1,      1,      1,      1,      1,      1,      1,      1,      1
      1,      1,      1,      1,      1,      1,      1,      1,      1,      1,      1,      1,      1,      1,      1,      1,      1,      1,      1,      1,      1,      1,      1,      1,      1,      1,      1,      1,      1,      1
      1,      1,      1,      1,      1,      1,      1,      1,      1,      1,      1,      1,      1,      1,      1,      1,      1,      1,      1,      1,      1,      1,      1,      1,      1,      1,      1,      1,      1,      1
      1,      1,      1,      1,      1,      1,      1,      1,      1,      1,      1,      1,      1,      1,      1,      1,      1,      1,      1,      1,      1,      1,      1,      1,      1,      1,      1,      1,      1,      1
      1,      1,      1,      1,      1,      1,      1,      1,      1,      1,      1,      1,      1,      1,      1,      1,      1,      1,      1,      1,      1,      1,      1,      1,      1,      1,      1,      1,      1,      1
      1,      1,      1,      1,      1,      1,      1,      1,      1,      1,      1,      1,      1,      1,      1,      1,      1,      1,      1,      1,      1,      1,      1,      1,      1,      1,      1,      1,      1,      1
      1,      1,      1,      1,      1,      1,      1,      1,      1,      1,      1,      1,      1,      1,      1,      1,      1,      1,      1,      1,      1,      1,      1,      1,      1,      1,      1,      1,      1,      1
      1,      1,      1,      1,      1,      1,      1,      1,      1,      1,      1,      1,      1,      1,      1,      1,      1,      1,      1,      1,      1,      1,      1,      1,      1,      1,      1,      1,      1,      1
      1,      1,      1,      1,      1,      1,      1,      1,      1,      1,      1,      1,      1,      1,      1,      1,      1,      1,      1,      1,      1,      1,      1,      1,      1,      1,      1,      1,      1,      1
      1,      1,      1,      1,      1,      1,      1,      1,      1,      1,      1,      1,      1,      1,      1,      1,      1,      1,      1,      1,      1,      1,      1,      1,      1,      1,      1,      1,      1,      1
      1,      1,      1,      1,      1,      1,      1,      1,      1,      1,      1,      1,      1,      1,      1,      1,      1,      1,      1,      1,      1,      1,      1,      1,      1,      1,      1,      1,      1,      1
      1,      1,      1,      1,      1,      1,      1,      1,      1,      1,      1,      1,      1,      1,      1,      1,      1,      1,      1,      1,      1,      1,      1,      1,      1,      1,      1,      1,      1,      1
      1,      1,      1,      1,      1,      1,      1,      1,      1,      1,      1,      1,      1,      1,      1,      1,      1,      1,      1,      1,      1,      1,      1,      1,      1,      1,      1,      1,      1,      1
      1,      1,      1,      1,      1,      1,      1,      1,      1,      1,      1,      1,      1,      1,      1,      1,      1,      1,      1,      1,      1,      1,      1,      1,      1,      1,      1,      1,      1,      1
      1,      1,      1,      1,      1,      1,      1,      1,      1,      1,      1,      1,      1,      1,      1,      1,      1,      1,      1,      1,      1,      1,      1,      1,      1,      1,      1,      1,      1,      1
      1,      1,      1,      1,      1,      1,      1,      1,      1,      1,      1,      1,      1,      1,      1,      1,      1,      1,      1,      1,      1,      1,      1,      1,      1,      1,      1,      1,      1,      1
      1,      1,      1,      1,      1,      1,      1,      1,      1,      1,      1,      1,      1,      1,      1,      1,      1,      1,      1,      1,      1,      1,      1,      1,      1,      1,      1,      1,      1,      1
      1,      1,      1,      1,      1,      1,      1,      1,      1,      1,      1,      1,      1,      1,      1,      1,      1,      1,      1,      1,      1,      1,      1,      1,      1,      1,      1,      1,      1,      1
      1,      1,      1,      1,      1,      1,      1,      1,      1,      1,      1,      1,      1,      1,      1,      1,      1,      1,      1,      1,      1,      1,      1,      1,      1,      1,      1,      1,      1,      1
      1,      1,      1,      1,      1,      1,      1,      1,      1,      1,      1,      1,      1,      1,      1,      1,      1,      1,      1,      1,      1,      1,      1,      1,      1,      1,      1,      1,      1,      1
      1,      1,      1,      1,      1,      1,      1,      1,      1,      1,      1,      1,      1,      1,      1,      1,      1,      1,      1,      1,      1,      1,      1,      1,      1,      1,      1,      1,      1,      1
      1,      1,      1,      1,      1,      1,      1,      1,      1,      1,      1,      1,      1,      1,      1,      1,      1,      1,      1,      1,      1,      1,      1,      1,      1,      1,      1,      1,      1,      1
      1,      1,      1,      1,      1,      1,      1,      1,      1,      1,      1,      1,      1,      1,      1,      1,      1,      1,      1,      1,      1,      1,      1,      1,      1,      1,      1,      1,      1,      1
      1,      1,      1,      1,      1,      1,      1,      1,      1,      1,      1,      1,      1,      1,      1,      1,      1,      1,      1,      1,      1,      1,      1,      1,      1,      1,      1,      1,      1,      1
      1,      1,      1,      1,      1,      1,      1,      1,      1,      1,      1,      1,      1,      1,      1,      1,      1,      1,      1,      1,      1,      1,      1,      1,      1,      1,      1,      1,      1,      1
      1,      1,      1,      1,      1,      1,      1,      1,      1,      1,      1,      1,      1,      1,      1,      1,      1,      1,      1,      1,      1,      1,      1,      1,      1,      1,      1,      1,      1,      1
      1,      1,      1,      1,      1,      1,      1,      1,      1,      1,      1,      1,      1,      1,      1,      1,      1,      1,      1,      1,      1,      1,      1,      1,      1,      1,      1,      1,      1,      1
      1,      1,      1,      1,      1,      1,      1,      1,      1,      1,      1,      1,      1,      1,      1,      1,      1,      1,      1,      1,      1,      1,      1,      1,      1,      1,      1,      1,      1,      1
      1,      1,      1,      1,      1,      1,      1,      1,      1,      1,      1,      1,      1,      1,      1,      1,      1,      1,      1,      1,      1,      1,      1,      1,      1,      1,      1,      1,      1,      1
      1,      1,      1,      1,      1,      1,      1,      1,      1,      1,      1,      1,      1,      1,      1,      1,      1,      1,      1,      1,      1,      1,      1,      1,      1,      1,      1,      1,      1,      1
      1,      1,      1,      1,      1,      1,      1,      1,      1,      1,      1,      1,      1,      1,      1,      1,      1,      1,      1,      1,      1,      1,      1,      1,      1,      1,      1,      1,      1,      1
      1,      1,      1,      1,      1,      1,      1,      1,      1,      1,      1,      1,      1,      1,      1,      1,      1,      1,      1,      1,      1,      1,      1,      1,      1,      1,      1,      1,      1,      1
      1,      1,      1,      1,      1,      1,      1,      1,      1,      1,      1,      1,      1,      1,      1,      1,      1,      1,      1,      1,      1,      1,      1,      1,      1,      1,      1,      1,      1,      1
      1,      1,      1,      1,      1,      1,      1,      1,      1,      1,      1,      1,      1,      1,      1,      1,      1,      1,      1,      1,      1,      1,      1,      1,      1,      1,      1,      1,      1,      1
      1,      1,      1,      1,      1,      1,      1,      1,      1,      1,      1,      1,      1,      1,      1,      1,      1,      1,      1,      1,      1,      1,      1,      1,      1,      1,      1,      1,      1,      1
      1,      1,      1,      1,      1,      1,      1,      1,      1,      1,      1,      1,      1,      1,      1,      1,      1,      1,      1,      1,      1,      1,      1,      1,      1,      1,      1,      1,      1,      1
